用語,定義・説明
対流圏,地表から上空約11kmまでの層。高度の増加と比例して気温が低下する。気象現象のほとんどがここで発生。1km上昇ごとに約6.5℃低下。
成層圏,上空約11km〜50kmの層。オゾン濃度が高く、高度が上がると気温が上昇。対流が発生しないため基本的に晴れ。
中間圏,上空約50km〜80kmの層。空気が薄く、高度上昇で気温低下。電離層が形成される。
熱圏,上空約80km〜500kmの最上層。高度上昇で気温が上昇し、400kmで1000℃に達するが、空気密度が極めて小さい。
圏界面,各層（対流圏・成層圏・中間圏・熱圏）の境界面の総称。
対流圏界面,対流圏と成層圏の境界。緯度や季節により高度が変化（気温が低いと低く、高いと高くなる）。
電離層,大気中の原子・分子が太陽紫外線で電離した層（約500kmまで）。電波を反射し、オーロラが発生。
カーマンライン,FAIが定義した高度100kmの仮想線。これより上空を宇宙空間と定義。
気圧,面積あたりの上空の空気の重さ。高高度では低く、低高度では高い。
標準気圧,1013.25hPaで1気圧。トリチェリの水銀柱実験により導出。
高気圧,周囲より気圧の高い場所。時計回りに風が吹き出し、下降気流が発生。天気が良くなる傾向。
低気圧,周囲より気圧の低い場所。反時計回りに風が吹き込み、上昇気流が発生。天気が悪くなることが多い。
大気の大循環,エネルギーを極へ輸送する地球規模の空気の流れ。ハドレー循環、フェレル循環、極循環で構成。
ハドレー循環,低緯度地域の直接循環。赤道で上昇、中緯度で下降。貿易風を生成。
フェレル循環,中緯度地域の間接循環。ハドレー循環と極循環により間接的に発生。偏西風を生成。日本はこの影響下。
極循環,高緯度地域の直接循環。極で下降、亜寒帯で上昇。極東風を生成。
赤道低圧帯（熱帯収束帯）,赤道付近で暖められた空気が上昇するエリア。熱帯低気圧の発生地。
中緯度高圧帯（亜熱帯高圧帯）,ハドレー循環とフェレル循環の空気が下降するエリア。小笠原気団（太平洋高気圧）の生成地。
高緯度低圧帯（亜寒帯低圧帯）,極循環とフェレル循環の風が収束するエリア。ベーリング海峡（低気圧の墓場）が位置。
極高圧帯,極付近で空気が下降するエリア。
貿易風（偏東風）,中緯度高圧帯から赤道低圧帯へ吹く東寄りの風。コリオリの力で偏向。
偏西風,中緯度高圧帯から高緯度低圧帯へ吹く西寄りの風。常に蛇行している。
極東風,極付近から亜寒帯へ吹く東寄りの風。
ジェット気流,寒気と暖気が隣接する上空に生じる風速30m/s以上の西寄りの風。
亜熱帯ジェット気流,中緯度高圧帯上空に発生。蛇行が少なく定常的。梅雨時にはヒマラヤ山脈で分裂。
寒帯前線ジェット気流,高緯度低圧帯上空に発生。強風軸南側の地上に前線が発生しやすい。冬季に風速50m/s程度。
ロスビー循環,偏西風の蛇行により南北で熱輸送を行う循環。
太陽放射,地球が吸収する太陽エネルギー。緯度により大きく変化し、赤道で最大。
地球放射,地球から放出されるエネルギー。高緯度で少ないが大きな緯度変化はない。
気圧傾度力,気圧差によって生じる力。気圧差に比例して大きくなり、風の発生原因。
コリオリの力,回転体上を移動する物体に働く見かけの力。北半球では右側、南半球では左側に働く。極で最大、赤道でゼロ。
摩擦力,空気が地面に沿って動く際に発生する、移動と逆方向の力。
遠心力,円運動する物体が受ける慣性力。円の中心から遠ざかる向きに働く。
地衡風,"気圧傾度力とコリオリの力が釣り合って吹く風。1,500m以上で等圧線が曲がっていない場所で発生。等圧線に平行。"
傾度風,等圧線が曲線の時、地衡風に遠心力が加わった風。等圧線に沿って吹く。
低気圧性循環,反時計回りの循環。気圧傾度力＝コリオリ力＋遠心力。強さに限度がない。
高気圧性循環,時計回りの循環。急激な気圧傾度増加では成立しない。
地上風,地面の摩擦力の影響を受ける風。等圧線から地上で30〜40度、海上で15〜30度傾く。
竜巻,親雲から延びる漏斗状の高速な渦巻き状上昇気流。大気不安定時に発生。
塵旋風（つむじ風）,親雲が存在しない直径数m〜数十mの渦。
海陸風,地面と海面の比熱差による気圧傾度で吹く局地風。
海風,日射で地面が暖められた時間に海から陸へ吹く風。
陸風,夜に冷えた陸から暖かい海へ吹く風。
凪（なぎ）,海風と陸風が切り替わるタイミングの無風状態。朝凪・夕凪がある。
山谷風,山の斜面と谷間の間で発生する局地風。
谷風,日中に平野部から山頂へ吹く風。
山風,夜間に山頂から平野部へ吹く風。放射冷却で冷やされた空気が吹き降りる。
風向,風が吹いてくる方向。航空気象では360度（10度単位）で表記。
風速,風が進む速度。m/sまたはkt（ノット）で表記。
平均風速,観測時間の10分前からの平均値。
瞬間風速,3秒間の平均風速。
最大瞬間風速,瞬間風速の最大値。ガストとも呼ばれる。
最大風速,平均風速の最大値。（＝１０分間平均風速の最大値）
強風,平均的に15m/s以上の風。
暴風,平均的に20m/s以上の風。
突風,急に吹く強い風で、継続時間が短い。
温度風,異なる高度間における風の鉛直シア。層間の平均温度の等温線に平行。
温度移流,風によって他温度の空気が移流すること。寒気移流と暖気移流がある。
ホドグラフ,等圧面高度別の風ベクトルを原点から描き、先端を結んだ曲線。
絶対温度（K）,熱振動がゼロになる温度を0Kとした温度。ケルビン。
摂氏（℃）,1気圧で水の凝固点を0℃、沸点を100℃とした温度。セルシウス。
華氏（℉）,水の凝固点を32℉、沸点を212℉とした温度。ファーレンハイト。
気温,大気の温度。地表から1.5m、日射から遮蔽された条件で観測。
凝結（凝縮）,気体が液体に変化すること。飽和・凝結核・外部刺激が条件。
凝結熱,凝結時に周囲へ放出される熱。+2.5×10⁶ J/kg。
蒸発,液体が気体に変化すること。
蒸発熱,蒸発時に周囲から吸収する熱。-2.5×10⁶ J/kg。
凝固,液体が固体に変化すること。0℃以下と外部刺激が条件。
過冷却水,0℃以下でも凍らずに液体を維持している水。刺激がないと凍らない。
相対湿度,空気中の水蒸気量÷飽和水蒸気量×100（%）。
飽和,空気が水蒸気を限界まで含んだ状態。湿度100%。
飽和水蒸気量,空気が含める最大水蒸気量。温度が高いと増加、低いと減少。
露点温度,飽和状態になる温度。
湿数,気温−露点温度。3℃以下で雲が発生（湿域）。
断熱膨張,空気が上昇し気圧低下で膨張、温度が下がること。
乾燥断熱減率,飽和していない空気の気温減率。1000mで約10℃低下。
湿潤断熱減率,飽和した空気の気温減率。1000mで約5℃低下（凝結熱で温められるため）。
十種雲形,世界気象機関が雲を形状・特性で10分類したもの。層状雲と対流雲に大別。
巻雲（Ci）,上層雲。氷晶構成、降水なし。温暖前線前方1000km付近に出現。
巻積雲（Cc）,上層雲。氷晶構成、降水なし。天気変化の予兆。
巻層雲（Cs）,上層雲。氷晶構成、降水なし。ハロ（暈）が発生。
高積雲（Ac）,中層雲。氷晶・水滴構成、降水なし。白〜淡灰色で規則正しく並ぶ。
高層雲（As）,中層雲。氷晶・水滴構成、降水の可能性あり。全天を覆うと影ができなくなる。
乱層雲（Ns）,中層雲。氷晶・水滴構成、降水を伴うことが多い。雨雲。
層積雲（Sc）,下層雲。水滴構成、降水の可能性あり。曇り雲、雲海として見える。
層雲（St）,下層雲。水滴構成、霧雨の可能性。霧に近い一様な雲層。
積雲（Cu）,対流雲。水滴構成、降水の可能性。上昇気流で発生。グライダーパイロットの大好物。
塔状積雲,積雲の一種。垂直に成長、大気不安定時に発生。気象通報式に登場。
雄大積雲,積雲の一種。雲上部がカリフラワー状。入道雲。
積乱雲（Cb）,対流雲。雲頂が対流圏界面に達する。落雷・大粒の雨・雹・突風・ダウンバーストを起こす。
乳房雲,雲底に乳房状の出っ張りがある雲。付近に乱気流があることが多い。
浪雲,上層風速が大きく下層水蒸気が多い時に境界付近に生じる波状の雲。タービュランスの目印。
尾流雲,雲から降水があるが途中で消える雲。折れ曲がりはウインドシア層の存在を示す。
キャップ雲（笠雲）,山頂を覆う雲。寒冷前線接近前に生成条件が整いやすい。
レンズ雲,山岳波の凸部分にできる雲。タービュランスを伴う。
ロール雲,山岳波に伴って発生する筒状の雲。
霧,地面に近く視程1km未満の雲（層雲）。
靄（もや）,地面に近く視程1〜10km未満。
放射霧（地霧）,夜間〜早朝の放射冷却で発生する霧。
放射冷却,地表面が熱を放射し温度が下がり、周囲気温も低下する現象。雲なし・風弱いが条件。
ベナール型対流,層の両面に一様な温度差がある時に小さな対流が多数現れる現象。蜂の巣状の雲。
降水現象,水蒸気が凝結し形成された液体・固体が重力で落下する現象。雨・雪・雹・霰。
併合過程,水滴や氷晶が成長する過程。大きな水滴が小さな水滴を併合。
昇華凝結,氷晶が周囲の水蒸気をくっつけて成長。
凝集,氷晶同士が衝突して成長。
ライミング,氷晶が過冷却水に衝突して成長。
雨,直径0.5mm以上の水滴からなる降水。層状性は0.5〜1mm、対流性は1〜5mm。
雪,0.5mm以上の氷晶が地上に降る現象。
霰（あられ）,直径5mm未満の氷でできた固形粒子。
雹（ひょう）,直径5mm以上の氷でできた固形粒子。激しい雷雨時に発生。
降水量,柱状立体に降りそそいだ水深（mm）。
降水強度,1時間あたりの降水量（時間雨量）。
驟雨性降水,対流雲からの一時的で雨粒が大きい降水。にわか雨。METAR/TAFでSH接頭語。
連続性降水（地雨）,層状雲からの長時間で雨粒が小さい降水。雨の強さは一定。
暖かい雨,凝結後に一度も氷晶にならず降った雨。低緯度帯で多く、日本では稀。
冷たい雨,凝結後に一度でも氷晶になった雨。日本の降水のほとんど。
雷雨,積乱雲による激しい降水と雷。
メソハイ（雷雨性高気圧）,積乱雲の下降気流で生じる高気圧。
ガストフロント（突風前線）,メソハイの冷気が水平発散し、その先頭。
ダウンバースト,強い下降気流による突風。4km以上がマクロバースト、未満がミクロバースト。
セル,個々の積乱雲やまとまった対流構造の空気塊。
シングルセル（気団性雷雨）,晴れた夏の昼過ぎに発生。寿命1時間未満。
マルチセル型巨大雷雨,多数のセルで組織化。自己増殖で活動時間が長い。線状降水帯もこの一種。
スーパーセル型巨大雷雨,巨大な1つの積乱雲。日本では稀。上昇流と下降流が同時存在。
大気の安定,空気を上昇させると元の高度に戻る状態。
大気の中立,空気を上昇させるとその場で静止する状態。
大気の不安定,空気を上昇させるとさらに上昇する状態。
絶対安定,飽和の有無に関わらず対流が起きない状態。
条件付き不安定,飽和時のみ対流が発生する状態。湿潤断熱減率では対流発生。
絶対不安定,飽和の有無に関わらず対流が起きる状態。
フェーン現象,風下側の山麓が風上側より気温が高くなる現象。熱力学的と力学的の2種類。
熱力学的フェーン,山越え時に凝結・降水を伴い、麓で昇温する現象。
力学的フェーン,上層の温位の高い空気を巻き込んで吹き下ろすフェーン。
エマグラム,横軸に気温、縦軸に気圧をとり、気温・露点の関係を示す断熱図。
混合比,空気1kg中の水蒸気量（g/kg）。
LCL（持ち上げ凝結高度）,理論上の雲底高度。乾燥断熱減率線と等飽和混合比線の交点。
CIN（対流抑制）,上昇空気塊の温度が周辺より低いエリア。対流を抑制する力。
LFC（自由対流高度）,空気塊の浮力が正になる最低高度。通常の雲頂。
LNB（中立高度）,空気塊が浮力を得られなくなる高度。積乱雲の雲頂。
CAPE（対流有効位置エネルギー）,LFCからLNBまでの上昇エネルギー量。値が大きいほど不安定。
SSI（ショワルター安定指数）,500hPa気温と850hPa空気を500hPaに持ち上げた時の温度差。小さいほど不安定。
KI（ケーインデックス）,雷雨発生確率を示す指数。40以上でほぼ100%。
LI（持ち上げ指数）,500hPa気温と地上〜500m平均空気の温度差。0以下で不安定。
逆転層,高度上昇とともに気温が上昇する気層。前線性・沈降性・接地の3種類。
前線性逆転層,冷たい空気の上に暖かい空気が移流する境目の逆転層。
沈降性逆転層,高気圧付近で沈降した大気が圧縮され気温上昇する逆転層。上側が乾燥。
接地逆転層,夜間の放射冷却で地表接触の空気が冷やされてできる逆転層。晴れた日の朝に形成。
順転,高度上昇で風向が時計回りに変化。暖気移流を示す。
逆転,高度上昇で風向が反時計回りに変化。寒気移流を示す。
寒冷高気圧,地上付近の寒冷な空気で構成される背の低い高気圧。放射冷却等で生成。
温暖高気圧,温暖な空気で構成される背の高い高気圧。対流圏界面からの下降で生成。
亜熱帯高気圧（サブハイ）,中緯度高圧帯で発生する温暖高気圧。太平洋高気圧もこれに該当。
ブロッキング高気圧,偏西風の蛇行で切り離され停滞した高気圧。異常気象の原因。予報困難。
移動性高気圧,偏西風に乗って移動する高気圧。
温帯低気圧,中緯度で寒気と暖気のバランスが崩れ発生する前線を伴う低気圧。熱の南北輸送を担う。
バルジ,暖気移流が強い時に低気圧北側に生じる雲群。上空強風軸に流され凸状になる。
ドライスロット,低気圧中心に向かう溝状の雲の少ない領域。最盛期に観測。
熱帯低気圧,熱帯地方の高温多湿な気団内で発生する前線を伴わない低気圧。北緯5度以上で発生。
台風,北半球東経100〜180度で最大風速17.2m/s以上の熱帯低気圧。
ハリケーン,北半球西経180度〜大西洋で最大風速32.7m/s以上の熱帯低気圧。
サイクロン,インド洋と南半球太平洋で最大風速17.2m/s以上の熱帯低気圧。
CISK（第2種条件付不安定）,台風発達の相乗作用。潜熱放出→海面加熱→低圧化→さらなる上昇気流。
台風の目（眼）,台風中心の雲なし風弱い穏やかな領域。勢力が強いほど直径が小さい。
壁雲（アイウォール）,台風の眼の周りの非常に発達した積乱雲群。
スパイラルバンド,壁雲外側の螺旋状の積乱雲・積雲の列。
アウターバンド,スパイラルバンド外側200〜600kmの螺旋状の雲列。
強風域,平均風速15m/s以上が吹いている（または吹く可能性がある）領域。
暴風域,平均風速25m/s以上が吹いている（または吹く可能性がある）領域。
可航半円,台風針路の左側。台風の風と移動気流が逆で相対的に風が弱い。
危険半円,台風針路の右側。台風の風と移動気流が合成され相対的に風が強い。
寒冷低気圧（寒冷渦）,周囲より温度の低い寒気からなる低気圧。上空に寒気で大気不安定、雷雨発生しやすい。
前線,異なる性質の気団の境界面が地表と交わる線。
温暖前線,暖気が寒気の上に乗り上げる前線。通過前に連続性降水、通過後に気温上昇。
寒冷前線,寒気が暖気の下に潜り込む前線。通過時に驟雨性降水、通過後に気温低下。
閉塞前線,寒冷前線が温暖前線に追いついた前線。低気圧の最盛期に形成。
停滞前線,暖気と寒気の勢力が拮抗し停滞した前線。梅雨前線・秋雨前線。
ASAS,アジア地上解析図（実況図）。Asia Surface Analysis。現在の気象状況を示す天気図。
FSAS,アジア地上予報図。Forecast Surface Analysis。24時間後・48時間後の予報天気図。
等圧線,同じ気圧の地点を結んだ線。1000hPaを基準に細線4hPa毎、太線20hPa毎。破線は2hPa毎。
H（高気圧）,周囲より気圧の高い場所。×印が中心。時計回りの風が吹き出す。
L（低気圧）,周囲より気圧の低い場所。×印が中心。反時計回りの風が吹き込む。
TD（熱帯低気圧）,Tropical Depression。最大風速34kt未満の熱帯低気圧。
TS（台風）,Tropical Storm。最大風速34kt以上48kt未満の台風。
STS（台風）,Severe Tropical Storm。最大風速48kt以上64kt未満の台風。
T（台風）,Typhoon。最大風速64kt以上の台風。
SLW,Slow。進行速度が5kt以下で進行方向が定まっている。
STRN,Stationary。進行方向が定まらず停滞している。
ALMOSTSTRN,進行速度が5kt以下で進行方向が定まらない。
予報円,台風や低気圧の12時間後・24時間後の予想位置を示す円。70%の確率で中心が入る。
KT（ノット）,速度と風速の単位。1kt=1.852km/h。
NM（海里）,Nautical Mile。距離の単位。1NM=1.852km=1852m。
FOG[W],Fog Warning。海上濃霧警報。視程0.3海里（約500m）以下。
[W],Warning。海上風警報。熱帯低気圧による風が最大風速28kt以上34kt未満。
[GW],Gale Warning。海上強風警報。最大風速34kt以上48kt未満。
[SW],Storm Warning。海上暴風警報。最大風速48kt以上。
[TW],Typhoon Warning。海上台風警報。台風による風が最大風速64kt以上。
雲量（10分法）,全天を10として雲の占める割合。気象庁方式。
雲量（8分法）,全天を8として雲の占める割合。航空方式（METAR/TAF）。
強風域記号,30kt以上の風が予想される領域を示す矢印記号。
AREA OF ICING,船体着氷域。船舶への着氷が予想される海域。
AREA OF SEA ICE,海氷域。海面が凍結している海域。
AREA OF FOG,霧域。霧が予想される海域。
FEFE（週間予報図）,72時間以降（3日目〜）の週間予報天気図。降水域（5mm/24h以上）を点描で表示。
ポーラーステレオ図法,天気図の投影法。正角図法の1つで、緯度により地図上の長さと実際の距離の比が変わる。
等圧面天気図,ある気圧面（850hPa等）における気象要素を示した天気図。高層大気の解析に使用。
等高度線,等圧面の高度が同じ地点を結んだ線。太線300m毎、細線60m毎（高度面により基準が異なる）。
等温線,同じ気温の地点を破線で結んだ線。暖候期3℃毎、冬季6℃毎（高度面により異なる）。
湿域,気温−露点温度（湿数）が3℃未満のエリア。点描で表示。雲が発生しやすい。
C（寒気）,Cold。周囲より気温が低いエリア。寒冷渦の存在を示すことがある。
W（暖気）,Warm。周囲より気温が高いエリア。
高標高領域,等圧面の高度が高い領域。縦横破線で3000m以上、縦破線で1500m以上を示す（850hPa面）。
風向風速（矢羽根）,黒旗50kt、長棒10kt、短棒5kt。矢羽根の向きが風が吹いてくる方向。
850hPa面,高度約1500m。下層大気の解析用。等高度線基準1500m、等温線は暖候期3℃毎/冬季6℃毎。湿域あり。
700hPa面,高度約3000m。中層大気の解析用。等高度線基準3000m、等温線は季節に関わらず6℃毎。湿域あり。
500hPa面,高度約5700m。中層〜上層大気の解析用。等高度線基準5700m、等温線は暖候期3℃毎/冬季6℃毎。気圧の谷の解析に重要。
300hPa面,高度約9600m。上層大気（ジェット気流）の解析用。等高度線120m毎。等風速線（ISOTACH）あり。
200hPa面,対流圏界面付近。ジェット気流強風軸を矢印で表示。
等風速線（ISOTACH）,同じ風速の地点を結んだ線。300hPa・200hPa面で使用。ジェット気流の位置把握に重要。
ジェット気流強風軸,200hPa面で矢印（→→→）で表示。ジェット気流の中心位置を示す。
AUPQ78,850hPa・700hPa面の実況天気図。風向風速、気温、湿数、等高度線、等温線を表示。
AUPQ35,500hPa・300hPa面の実況天気図。
AUPA20,200hPa面の実況天気図。ジェット気流強風軸、等風速線を表示。
AXFE578,極東地域の高層解析図。上段：500hPa渦度、下段：700hPa鉛直p速度・850hPa気温・風。
渦度（VORT）,大気の回転の強さ。正の値は低気圧性回転（反時計回り）、負の値は高気圧性回転（時計回り）。
鉛直p速度,気圧の時間変化率。負の値は上昇流、正の値は下降流を示す。縦線で負（上昇流）域をハイライト。
FXJP854,850hPa面の予報図。等相当温位線と風向風速を表示。前線解析に使用。
FXFE502/504/507,500hPa・地上の予報図。12/24/48時間後の予報。
FXFE5782/5784,500hPa気温・700hPa湿数/850hPa気温・風の予報図。12/24時間後。
エマグラム,横軸に気温、縦軸に気圧をとり、大気の鉛直構造を解析する断熱図。
Skew-T図,エマグラムの一種。温度軸が右上がりに傾斜。米国式。University of Wyomingで公開。
気温線（実測）,ラジオゾンデで観測した気温の鉛直分布。黒または赤の実線。
露点温度線（実測）,ラジオゾンデで観測した露点温度の鉛直分布。黒または青の実線。
乾燥断熱減率線,未飽和空気の断熱変化を示す線。緑色または黄色の実線。約10℃/1000m。
湿潤断熱減率線,飽和空気の断熱変化を示す線。青色または緑色の実線。約5℃/1000m（変動あり）。
等飽和混合比線,飽和混合比が等しい点を結んだ線。紫色または緑色の破線。
等相当温位線,相当温位が等しい点を結んだ線。前線解析（FXJP854）で使用。太線15℃毎、細線3℃毎。
相当温位,空気塊の水蒸気をすべて凝結させた時の温位。前線の位置特定に有効。
ひまわり,"日本の気象衛星。静止軌道（赤道上空約35,800km、東経140.7度）に位置し、10分毎に地球全体を観測。"
静止軌道,"赤道上空約35,800kmで地球の自転と同じ周期で周回する軌道。特定地域の常時観測が可能。"
極軌道,南北の極付近を通り、上空約850kmを1周100分で周回する軌道。解像度が高いが同一地点は1日2回のみ。
可視画像,太陽光の反射強度を画像化したもの（波長0.36〜0.83μm）。厚い雲や雪面は明るく、海面は暗く見える。昼間のみ利用可能。
赤外画像,放射エネルギーを輝度温度に変換した画像。温度が低い（雲頂が高い）ほど白く表示。昼夜問わず利用可能。
水蒸気画像,バンド8〜10（6.2〜7.3μm）で対流圏上〜中層の水蒸気量を観測した画像。明暗が水蒸気量に対応。
近赤外画像,可視画像と同様に反射強度を画像化。日中のみ利用可能。植生識別や雲粒子の相・粒径判別に使用。
大気の窓,"水蒸気による吸収が少ない波長領域（バンド7,11,13,14,15）。雲の観測に使用。"
雲頂温度,赤外画像から得られる雲の最上部の温度。気温の鉛直構造がわかれば雲頂高度に変換可能。
ホットスポット,"近赤外・赤外画像で火災などの高温熱源がドット状に現れる領域。バンド5,6,7で明瞭。"
フルディスク観測,ひまわりによる地球全体の観測。10分毎に実施。
領域観測,特定地域（日本域など）を2.5分〜0.5分毎に高頻度で観測する方式。
バンド,衛星観測で使用する波長帯。ひまわりはバンド1〜16の16種類。
バンド8（6.2μm）,水蒸気画像用。対流圏上層（300hPa付近）の水蒸気を観測。
バンド9（6.9μm）,水蒸気画像用。対流圏中層（400〜500hPa付近）の水蒸気を観測。
バンド10（7.3μm）,水蒸気画像用。対流圏下層（500〜600hPa付近）の水蒸気を観測。
トラフ,気圧の谷。水蒸気画像の明・暗域の分布から上〜中層のトラフ位置を把握可能。
リッジ,気圧の尾根。水蒸気画像で明域として現れることがある。
METAR,定時飛行場実況気象通報式。毎正時の飛行場気象観測値を通報する国際標準形式。
SPECI,特別飛行場実況気象通報式。気象状態が急変した時に発信される臨時の通報。
目視観測,観測装置の値に目視による観測結果を加える観測方法。有人観測所で実施。
自動観測,目視による観測結果を加えない観測方法。AUTO表示。終日導入空港と一部時間帯導入空港がある。
ICAO地点略号,4文字の空港識別コード。日本はRJxx（本土）、ROxx（沖縄）で始まる。
観測日時群,DDHHMMZの形式。DD=日、HHMM=時分（UTC）、Z=協定世界時。
風向風速群,dddffGfmfmKT形式。ddd=風向（真方位10度単位）、ff=風速、G=ガスト、KT=ノット。
VRB,Variable。風向が定まらない（風速3kt以下）時に使用。
卓越視程,飛行場周辺で最も一般的な視程値。m単位（5000m以下）またはkm単位（5km超）で通報。
RVR（滑走路視距離）,滑走路上の視程。Rnn/xxxxの形式で通報。航空機の離着陸判断に重要。
CAVOK,Ceiling And Visibility OK。視程10km以上、雲底5000ft以上かつ最低扇形別高度以上、重要天気なし。
SKC,Sky Clear。雲なし（有人観測）。
CLR,"Clear。雲なし（自動観測、12,000ft以下に雲検出なし）。"
NCD,No Cloud Detected。自動観測で雲が検出されない。
NSC,No Significant Cloud。運航上重要な雲なし。
FEW,雲量1〜2/8。少量の雲。
SCT,Scattered。雲量3〜4/8。散在。
BKN,Broken。雲量5〜7/8。雲が多い。シーリングとなる。
OVC,Overcast。雲量8/8。全天を覆う。シーリングとなる。
VV,Vertical Visibility。鉛直視程。霧等で雲底が観測できない時に使用。
CB,Cumulonimbus。積乱雲。TCU/CBは雲量に関係なく常に通報。
TCU,Towering Cumulus。塔状積雲。雲量に関係なく常に通報。
シーリング（雲底高度）,BKN/OVC/VVで通報された最も低い雲層の高度。航空機の着陸可否判断に重要。
DZ,Drizzle。霧雨。
RA,Rain。雨。
SN,Snow。雪。
SG,Snow Grains。霧雪。
PL,Ice Pellets。凍雨。
GR,Hail。ひょう（直径5mm以上）。
GS,Small Hail / Snow Pellets。氷あられ・雪あられ。
BR,Mist。もや（視程1000m以上5000m以下）。
FG,Fog。霧（視程1000m未満）。
FU,Smoke。煙（視程5000m以下）。
VA,Volcanic Ash。火山灰。
DU,Widespread Dust。じん（視程5000m以下）。
SA,Sand。砂（視程5000m以下）。
HZ,Haze。煙霧（視程5000m以下）。
PO,Dust/Sand Whirls。塵旋風。
SQ,Squall。スコール。
FC,Funnel Cloud。ろうと雲（竜巻含む）。
SS,Sandstorm。砂塵嵐。
DS,Duststorm。砂塵嵐。
TS,Thunderstorm。雷電。降水を伴う場合はTSRA等。
SH,Shower。しゅう雨性。驟雨性の降水に付与（SHRA、SHSNなど）。
FZ,Freezing。着氷性。FZRA（着氷性の雨）、FZFG（着氷性の霧）など。
MI,Shallow。地（霧）。地表近くの霧。
BC,Patches。散在（霧）。霧が散在している状態。
PR,Partial。部分（霧）。飛行場の一部を覆う霧。
DR,Low Drifting。低い。地上2m未満の現象。
BL,Blowing。高い。地上2m以上の現象。
VC,Vicinity。飛行場標点から約8〜16kmの間の区域の現象。
＋（強）,現象の強度が強い。+RA（強い雨）など。
−（弱）,現象の強度が弱い。-RA（弱い雨）など。
（表示なし）＝並,現象の強度が並。RA（並の雨）。
RMK,Remarks。国内記事の開始を示す。
A01,自動観測装置で雨と雪の判別ができない。
A02,自動観測装置で雨と雪の判別ができる。
NOSIG,No Significant Change。2時間以内に重要な変化なしの予想。
PK WND,Peak Wind。観測時間内の最大瞬間風速と発生時刻。
WSHFT,Wind Shift。風向の急変とその発生時刻。
TWR VIS,Tower Visibility。管制塔からの視程（卓越視程と異なる場合）。
SFC VIS,Surface Visibility。地上視程（卓越視程と異なる場合）。
SLP,Sea Level Pressure。海面気圧（下3桁、0.1hPa単位）。SLP015=1001.5hPa。
PRESRR,Pressure Rising Rapidly。気圧急上昇。
PRESFR,Pressure Falling Rapidly。気圧急降下。
VIRGA,尾流雲。降水が地面に達していない。
TCU OHD,Towering Cumulus Overhead。真上に塔状積雲。
CB W MOV E,積乱雲が西にあり東へ移動中。
LTGCA,Lightning Cloud to Air。雲対空の雷。
LTGCC,Lightning Cloud to Cloud。雲対雲の雷。
LTGCG,Lightning Cloud to Ground。雲対地の雷。
LTGIC,Lightning In-Cloud。雲中の雷。
FRQ,Frequent。1〜6回/分の頻繁な雷。
OCNL,Occasional。1回/分未満の散発的な雷。
CONS,Continuous。6回/分以上の連続的な雷。
TAF,Terminal Aerodrome Forecast。飛行場予報。有効時間は通常24〜30時間。
TAF AMD,TAF Amendment。TAFの修正版。
TAF COR,TAF Correction。TAFの訂正版。
BECMG,Becoming。1〜4時間で予報値に変化する予報。規則的・不規則的な変化を含む。
TEMPO,Temporary。一時的な変化の予報。1回1時間未満、合計が有効時間の1/2未満。
PROB30/40,Probability。発生確率30〜40%の予報。日本のTAFでは使用しない。
FM,From。指定時刻から新しい予報に完全に切り替わる。
NSW,No Significant Weather。重要な天気現象なし。BECMG/TEMPO後に使用。
CNL,Cancel。TAFの取消。
NIL,なし。TAFが発行されていない。
着氷（Icing）,航空機の機体表面に氷が付着する現象。揚力低下、重量増加、計器異常の原因。
ライム・アイシング（Rime Icing）,白色または不透明な着氷。過冷却の小粒子が接触時に瞬時に凍結し空気を閉じ込める。
クリア・アイシング（Clear Icing）,透明で滑らかなシロップ状の着氷。最も危険。大きな過冷却水滴が徐々に凍結して形成。
ミックス・アイシング（Mixed Icing）,ライムとクリアの両方の特性を持つ着氷。白くて表面が荒く不規則な形状。
着氷性の雨（FZRA）,過冷却状態の雨。地面や機体に接触すると凍結。温暖前線付近で発生しやすい。
着氷性の霧雨（FZDZ）,過冷却状態の霧雨。接触すると凍結する。
SLD（過冷却大粒水滴）,Supercooled Large Droplets。直径50μm以上の過冷却水滴。重大な着氷の原因。
